"method","rep","iter","gc","gc0","gc1","gc2","time","model_type","num.trees","K","p","n","setting_id"
"grad",1,1,TRUE,1,1,0,47.8294607179705,"hte",100,4,5,100000,"1"
"grad",1,2,FALSE,0,0,0,47.5851530929795,"hte",100,4,5,100000,"1"
"grad",1,3,FALSE,0,0,0,47.5190959100146,"hte",100,4,5,100000,"1"
"fpt1",1,1,TRUE,0,0,1,46.4255102560855,"hte",100,4,5,100000,"1"
"fpt1",1,2,FALSE,0,0,0,45.9577888421481,"hte",100,4,5,100000,"1"
"fpt1",1,3,FALSE,0,0,0,45.792635044083,"hte",100,4,5,100000,"1"
"fpt2",1,1,FALSE,0,0,0,43.8525109151378,"hte",100,4,5,100000,"1"
"fpt2",1,2,FALSE,0,0,0,43.9545539680403,"hte",100,4,5,100000,"1"
"fpt2",1,3,FALSE,0,0,0,44.0318098020507,"hte",100,4,5,100000,"1"
