"method","rep","iter","gc","gc0","gc1","gc2","splits","time","stump","model_type","K","p","n","setting_id"
"grad",1,1,FALSE,0,0,0,1,0.213609625119716,TRUE,"vcm",4,5,100000,"3"
"grad",1,2,FALSE,0,0,0,1,0.179678083048202,TRUE,"vcm",4,5,100000,"3"
"grad",1,3,FALSE,0,0,0,1,0.178550289012492,TRUE,"vcm",4,5,100000,"3"
"fpt1",1,1,FALSE,0,0,0,1,0.200875211972743,TRUE,"vcm",4,5,100000,"3"
"fpt1",1,2,FALSE,0,0,0,1,0.175739635946229,TRUE,"vcm",4,5,100000,"3"
"fpt1",1,3,FALSE,0,0,0,1,0.175734149059281,TRUE,"vcm",4,5,100000,"3"
"fpt2",1,1,FALSE,0,0,0,1,0.197805695119314,TRUE,"vcm",4,5,100000,"3"
"fpt2",1,2,FALSE,0,0,0,1,0.206760404980741,TRUE,"vcm",4,5,100000,"3"
"fpt2",1,3,FALSE,0,0,0,1,0.172781737055629,TRUE,"vcm",4,5,100000,"3"
