"method","rep","iter","gc","gc0","gc1","gc2","splits","time","stump","model_type","K","p","n","setting_id"
"grad",1,1,FALSE,0,0,0,1,0.0477495309896767,TRUE,"hte",16,5,20000,"2"
"grad",1,2,FALSE,0,0,0,1,0.0460781670408323,TRUE,"hte",16,5,20000,"2"
"grad",1,3,FALSE,0,0,0,1,0.0464502619579434,TRUE,"hte",16,5,20000,"2"
"fpt1",1,1,FALSE,0,0,0,1,0.0421427829423919,TRUE,"hte",16,5,20000,"2"
"fpt1",1,2,FALSE,0,0,0,1,0.0402166800340638,TRUE,"hte",16,5,20000,"2"
"fpt1",1,3,FALSE,0,0,0,1,0.04014535585884,TRUE,"hte",16,5,20000,"2"
"fpt2",1,1,FALSE,0,0,0,1,0.0389607790857553,TRUE,"hte",16,5,20000,"2"
"fpt2",1,2,FALSE,0,0,0,1,0.0369531550677493,TRUE,"hte",16,5,20000,"2"
"fpt2",1,3,FALSE,0,0,0,1,0.0368491100380197,TRUE,"hte",16,5,20000,"2"
