"method","rep","iter","gc","gc0","gc1","gc2","splits","time","stump","model_type","K","p","n","setting_id"
"grad",1,1,FALSE,0,0,0,1,0.450170135125518,TRUE,"hte",16,5,100000,"2"
"grad",1,2,FALSE,0,0,0,1,0.42375564808026,TRUE,"hte",16,5,100000,"2"
"grad",1,3,FALSE,0,0,0,1,0.421345431939699,TRUE,"hte",16,5,100000,"2"
"fpt1",1,1,FALSE,0,0,0,1,0.389593602041714,TRUE,"hte",16,5,100000,"2"
"fpt1",1,2,FALSE,0,0,0,1,0.391904697054997,TRUE,"hte",16,5,100000,"2"
"fpt1",1,3,FALSE,0,0,0,1,0.39175580709707,TRUE,"hte",16,5,100000,"2"
"fpt2",1,1,FALSE,0,0,0,1,0.366980380029418,TRUE,"hte",16,5,100000,"2"
"fpt2",1,2,FALSE,0,0,0,1,0.362384592997842,TRUE,"hte",16,5,100000,"2"
"fpt2",1,3,FALSE,0,0,0,1,0.36453454697039,TRUE,"hte",16,5,100000,"2"
