"method","rep","iter","gc","gc0","gc1","gc2","splits","time","stump","model_type","K","p","n","setting_id"
"grad",1,1,FALSE,0,0,0,1,0.227338110096753,TRUE,"vcm",4,5,100000,"1"
"grad",1,2,FALSE,0,0,0,1,0.22815632307902,TRUE,"vcm",4,5,100000,"1"
"grad",1,3,FALSE,0,0,0,1,0.194930676138029,TRUE,"vcm",4,5,100000,"1"
"fpt1",1,1,FALSE,0,0,0,1,0.212645515915938,TRUE,"vcm",4,5,100000,"1"
"fpt1",1,2,FALSE,0,0,0,1,0.192736726952717,TRUE,"vcm",4,5,100000,"1"
"fpt1",1,3,FALSE,0,0,0,1,0.228841671836562,TRUE,"vcm",4,5,100000,"1"
"fpt2",1,1,FALSE,0,0,0,1,0.189115258050151,TRUE,"vcm",4,5,100000,"1"
"fpt2",1,2,FALSE,0,0,0,1,0.220978309982456,TRUE,"vcm",4,5,100000,"1"
"fpt2",1,3,FALSE,0,0,0,1,0.189177555032074,TRUE,"vcm",4,5,100000,"1"
