"method","rep","iter","gc","gc0","gc1","gc2","splits","time","stump","model_type","K","p","n","setting_id"
"grad",1,1,FALSE,0,0,0,1,4.76611169893295,TRUE,"vcm",64,5,200000,"2"
"grad",1,2,FALSE,0,0,0,1,4.77978255401831,TRUE,"vcm",64,5,200000,"2"
"grad",1,3,FALSE,0,0,0,1,4.77748061798047,TRUE,"vcm",64,5,200000,"2"
"fpt1",1,1,FALSE,0,0,0,1,3.89145937387366,TRUE,"vcm",64,5,200000,"2"
"fpt1",1,2,FALSE,0,0,0,1,3.92172727698926,TRUE,"vcm",64,5,200000,"2"
"fpt1",1,3,FALSE,0,0,0,1,3.85662657290231,TRUE,"vcm",64,5,200000,"2"
"fpt2",1,1,FALSE,0,0,0,1,3.55073128407821,TRUE,"vcm",64,5,200000,"2"
"fpt2",1,2,FALSE,0,0,0,1,3.59920924610924,TRUE,"vcm",64,5,200000,"2"
"fpt2",1,3,FALSE,0,0,0,1,3.48483041906729,TRUE,"vcm",64,5,200000,"2"
