"method","rep","iter","gc","gc0","gc1","gc2","splits","time","stump","model_type","K","p","n","setting_id"
"grad",1,1,FALSE,0,0,0,42404,14.9119989138562,FALSE,"vcm",16,5,200000,"3"
"grad",1,2,FALSE,0,0,0,42404,14.7024302189238,FALSE,"vcm",16,5,200000,"3"
"grad",1,3,TRUE,0,0,1,42404,14.8923299298622,FALSE,"vcm",16,5,200000,"3"
"fpt1",1,1,TRUE,1,0,0,49097,13.8145045459969,FALSE,"vcm",16,5,200000,"3"
"fpt1",1,2,FALSE,0,0,0,49097,13.7004709860776,FALSE,"vcm",16,5,200000,"3"
"fpt1",1,3,FALSE,0,0,0,49097,13.7486896541668,FALSE,"vcm",16,5,200000,"3"
"fpt2",1,1,TRUE,1,0,0,43617,13.1355510990834,FALSE,"vcm",16,5,200000,"3"
"fpt2",1,2,FALSE,0,0,0,43617,12.7132476160768,FALSE,"vcm",16,5,200000,"3"
"fpt2",1,3,FALSE,0,0,0,43617,12.6826626750408,FALSE,"vcm",16,5,200000,"3"
