"method","rep","iter","gc","gc0","gc1","gc2","splits","time","stump","model_type","K","p","n","setting_id"
"grad",1,1,FALSE,0,0,0,1,1.01842057798058,TRUE,"hte",16,5,200000,"2"
"grad",1,2,FALSE,0,0,0,1,1.01285411708523,TRUE,"hte",16,5,200000,"2"
"grad",1,3,FALSE,0,0,0,1,1.04926978901494,TRUE,"hte",16,5,200000,"2"
"fpt1",1,1,TRUE,1,0,0,1,0.949199449038133,TRUE,"hte",16,5,200000,"2"
"fpt1",1,2,FALSE,0,0,0,1,0.96532165503595,TRUE,"hte",16,5,200000,"2"
"fpt1",1,3,FALSE,0,0,0,1,0.974374839104712,TRUE,"hte",16,5,200000,"2"
"fpt2",1,1,FALSE,0,0,0,1,0.88614118215628,TRUE,"hte",16,5,200000,"2"
"fpt2",1,2,FALSE,0,0,0,1,0.886966909049079,TRUE,"hte",16,5,200000,"2"
"fpt2",1,3,FALSE,0,0,0,1,0.919280793052167,TRUE,"hte",16,5,200000,"2"
