"method","rep","iter","gc","gc0","gc1","gc2","splits","time","stump","model_type","K","p","n","setting_id"
"grad",1,1,FALSE,0,0,0,1,0.0628075280692428,TRUE,"vcm",16,5,20000,"1"
"grad",1,2,FALSE,0,0,0,1,0.0493016500258818,TRUE,"vcm",16,5,20000,"1"
"grad",1,3,FALSE,0,0,0,1,0.0503103791270405,TRUE,"vcm",16,5,20000,"1"
"fpt1",1,1,FALSE,0,0,0,1,0.0585427060723305,TRUE,"vcm",16,5,20000,"1"
"fpt1",1,2,FALSE,0,0,0,1,0.0435018730349839,TRUE,"vcm",16,5,20000,"1"
"fpt1",1,3,FALSE,0,0,0,1,0.0433760121231899,TRUE,"vcm",16,5,20000,"1"
"fpt2",1,1,FALSE,0,0,0,1,0.0407818420790136,TRUE,"vcm",16,5,20000,"1"
"fpt2",1,2,FALSE,0,0,0,1,0.0476627361495048,TRUE,"vcm",16,5,20000,"1"
"fpt2",1,3,FALSE,0,0,0,1,0.0600529460934922,TRUE,"vcm",16,5,20000,"1"
